0,Gbbwjb,Pixfyd,1989-02-27,Jazjz
1,Unucuah,Xtsuc,1970-04-14,Tkbrfpc
2,Uqtdhvv,Kvosvyk,1970-12-21,Orzfeks
3,Lxnoae,Uprvfnnx,1976-11-24,Pmzjjuf
4,Tgpkfs,Ekpna,1994-06-26,Jelcg
5,Llbedtu,Bggffce,1971-06-12,Aeyjev
6,Vocqzb,Egniz,1995-11-15,Uwnom
7,Fbfssvh,Dwgj,1983-06-02,Lmxqwxk
8,Excaythx,Qpqmzqq,1981-08-05,Fqao
9,Jela,Bjon,1976-03-15,Esqojmz
10,Ipnfs,Hplgbos,1970-02-01,Ayumoys
11,Gbduhg,Zalsmq,1977-06-25,Naltr
12,Bimw,Khxo,1984-09-09,Otbdn
13,Oslqfqc,Lyma,1985-04-14,Baqsloy
14,Vjjkipgo,Pnjufuvj,1990-06-22,Cjabkse
15,Mlxtu,Bfkbpfdy,1974-02-13,Ocaisg
16,Cslwbx,Shzlu,1999-08-20,Gfhxvmq
17,Xelteh,Hpbiwmc,1979-03-19,Zflvu
18,Ibtu,Pnudanun,1972-05-09,Kkwmv
19,Pamvn,Agupq,1979-04-13,Svbl
20,Hdyf,Gsbz,1971-07-16,Alawuhkq
21,Cueug,Qctyl,1989-06-26,Bupsx
22,Vazidzfj,Pniqhtiu,1981-12-18,Rcpeu
23,Tyrhwc,Etddnlw,1991-09-13,Mfmi
24,Ireqtc,Vhklgul,1984-12-13,Qefzkx
25,Uahjuu,Nbkqycxl,1987-08-02,Lhvksc
26,Utbhefkr,Uuesn,1997-05-14,Qzddcg
27,Kbttbrl,Fcwcvfc,1980-05-18,Ovfjliqx
28,Zwkwvrx,Mnvhyznp,1972-12-01,Tahhq
29,Kmablaax,Gkcnrzwx,1969-08-14,Binvxce
30,Dsvznp,Otoyyrpt,1997-05-02,Gouegem
31,Sgfjd,Ggosly,1994-12-22,Fqopttl
32,Kpollt,Erhg,1999-03-09,Iwtaj
33,Sjwuijk,Lpemdd,1989-01-29,Gwqbmedz
34,Hvew,Pnszvj,1988-05-24,Zmhznh
35,Wckqudo,Tkwbh,1985-07-29,Gfwix
36,Yeec,Uikf,1979-12-27,Ehrq
37,Hyafd,Uaqiw,1979-08-16,Txcgwy
38,Sisyvebw,Vvgz,1975-10-07,Zvhufd
39,Mcyn,Xzls,1982-07-22,Sjiniox
40,Gaywhz,Ektzwuo,1981-07-17,Okwcjsqq
41,Aivbe,Jdyle,1989-03-05,Arqhgqrb
42,Ualuhjt,Aperqtgh,1978-07-05,Bwrh
43,Njzg,Iljxqhcl,1999-06-02,Xyhooz
44,Sacfd,Bfkpp,1994-10-03,Xtha
45,Teob,Iamjrcs,1992-11-29,Ircjnn
46,Xeqi,Dtrsszsx,1969-02-28,Bxdl
47,Blxwrhg,Wjcn,1973-08-13,Vwrldwi
48,Usrzar,Syirioer,1984-01-14,Zljzxh
49,Ngfb,Asabka,1998-02-24,Tsyth
50,Gyikr,Gfwpux,1987-03-05,Eicm
51,Ensfo,Olgrq,1989-02-05,Xjgovaj
52,Tngs,Ucmr,1973-05-16,Dpbe
53,Nkzvws,Uokn,1994-04-27,Lmhurccj
54,Iqguvvvz,Afslpjew,1977-10-03,Zwfehezf
55,Fxlhg,Lcuc,1988-06-20,Ujvrgn
56,Pxiwpx,Lgilu,1982-12-19,Ajox
57,Pirfs,Xwvw,1982-10-11,Kiscdg
58,Rzjxkjw,Xxaccrt,1986-08-02,Nlnnm
59,Hlvgxy,Wriv,1989-12-25,Oodbh
60,Xagxxgu,Ikvyocua,1990-10-26,Vumag
61,Mbrzwy,Zgjwort,1968-01-07,Dixuncfl
62,Ckweoydl,Gguj,1977-08-13,Rkzmdrhb
63,Mkcye,Dvmcns,1971-04-25,Otaez
64,Lhyxhxda,Tqkp,1976-09-28,Irsfpc
65,Qsrgjbb,Znbz,1978-07-09,Dtorsaxa
66,Ivenfhls,Cugdh,1995-04-05,Dbxja
67,Akzholm,Gcsxwwf,1986-12-05,Qwxusx
68,Hlmkzj,Dlhmpmu,1998-03-27,Jekhmin
69,Artb,Hkfwd,1975-04-19,Akqgla
70,Zjcq,Mgpglz,1983-03-06,Bwcw
71,Egxytmtt,Yvzkee,1984-12-21,Xzmsc
72,Lzmp,Zmdleaqt,1976-12-07,Yqtv
73,Yhxwik,Eexvx,1968-10-26,Ujxtf
74,Kghhf,Vxyz,1994-12-03,Gpjv
75,Pfhqk,Gqcjxh,1993-12-28,Smmtjz
76,Eqrix,Eogzt,1975-10-26,Txjj
77,Plsa,Pfnoy,1989-06-16,Qpbouece
78,Chup,Xqfecg,1984-11-24,Hhozuw
79,Hhqwuqr,Aypnm,1989-12-25,Jibjz
80,Tdogcw,Jtrxxwur,1982-04-23,Azksmcdp
81,Sflor,Zysrsc,1999-10-25,Tjqqp
82,Hvhmhm,Ihgbrpuo,1971-10-08,Wzbp
83,Uddaitw,Zdjtdsp,1972-06-06,Qmwcxybf
84,Kzqrsac,Buzk,1982-01-12,Wecykabf
85,Xlotchj,Rnjdt,1971-09-14,Odpnrvhx
86,Hrgn,Obkp,1989-04-17,Bwmkdkjx
87,Iqef,Xbgnpds,1990-12-18,Bmqd
88,Ibaksmnq,Buom,1975-05-20,Bobfddxb
89,Pjpu,Gsbifhy,1999-02-04,Owmgfqm
90,Iqxvu,Zxhmsprb,1993-02-19,Sifdzf
91,Hzuucdgg,Cdgag,1987-12-01,Kckp
92,Rdbrsbd,Tambttel,1976-03-07,Qrisxa
93,Axzhum,Keql,1990-10-02,Rtdu
94,Jodv,Ouphxac,1986-03-19,Lurqgu
95,Eytk,Egaan,1972-11-29,Undno
96,Zfjtao,Kokthp,1968-03-01,Qmeslfzg
97,Wtpzy,Hexj,1983-03-09,Nqbekk
98,Hmdcth,Cajoo,1975-02-08,Qqmn
99,Dcfhut,Kfgnzj,1983-10-28,Wxfpe
100,Yvhv,Kucuhud,1982-03-18,Regg
101,Ljkqvl,Odyqdz,1980-05-14,Kwetbmjs
102,Iutigde,Emrvxtk,1979-05-25,Yyrlex
103,Ihlqnnoc,Izqbebx,1987-05-13,Zmgs
104,Miriiay,Ckxyzyt,1993-05-06,Qelfn
105,Rukwcmtl,Lmjghvvf,1979-03-28,Engmskgs
106,Eiuzre,Eaojmjy,1969-07-12,Knykrq
107,Dduuyux,Rilguzx,1990-09-03,Zusodu
108,Wambtaw,Kwbgygqm,1998-03-15,Egol
109,Kzsx,Prdrk,1986-06-02,Zijw
110,Jxbhxc,Odyrssrw,1968-03-20,Glrw
111,Zaflfyub,Eymywly,1972-12-04,Fuucl
112,Stkl,Patlda,1980-05-21,Cguo
113,Nfvruvfk,Azougas,1998-04-10,Qzeufm
114,Neewgq,Zwuoor,1973-07-23,Rago
115,Ewove,Rxoxx,1994-09-16,Kqcz
116,Jzunuyv,Ncxo,1973-12-13,Mnxqh
117,Wwdrcl,Crdgsqo,1969-11-14,Ntbvhmj
118,Dtto,Qyhs,1990-03-18,Czym
119,Zrmclery,Xmmmgzm,1970-02-28,Uhhxrt
120,Vmpf,Wrqyye,1991-10-07,Fxzq
121,Qnehfnrs,Ckmkaxws,1973-09-26,Etfun
122,Zgqvpl,Ngzg,1970-09-01,Shiepx
123,Wvab,Wqgifftq,1973-08-29,Vsjbp
124,Aganuw,Jlxeiw,1980-08-05,Gkww
125,Qszt,Qgrq,1970-04-29,Xduhbg
126,Jibcgb,Fmtoq,1968-04-12,Jiwprmeq
127,Sgfr,Juex,1978-03-21,Wczt
128,Ikebztwb,Ibabdlo,1977-11-14,Ziunalob
129,Zjfd,Yjhaqq,1982-11-02,Rfiwlx
130,Yvzbod,Husvdol,1968-07-24,Kmxexo
131,Hchdgo,Liww,1978-03-06,Wfpjdomc
132,Xkhkrv,Isxnk,1991-03-16,Nqbfzl
133,Qsvb,Qdwldcxz,1992-03-28,Evumn
134,Viyuijz,Rktqqgxd,1970-02-10,Jhjl
135,Vulivfh,Evqm,1974-12-01,Ijlmgwwn
136,Fpoxtnr,Kvkx,1983-05-17,Fbpzb
137,Uybqdq,Ohqeovf,1982-03-16,Hvcdjd
138,Ltyyjs,Ckxwjqde,1983-03-16,Dutzwcv
139,Wpubra,Hzdgdc,1988-08-26,Yblvhpdo
140,Piwamrwx,Bjrridku,1987-08-27,Vpmkmc
141,Pbnejio,Qral,1974-05-11,Xgavklwd
142,Jtdsz,Tanrjx,1991-08-09,Dtrxqfb
143,Vndad,Ygztgh,1969-10-04,Ucleu
144,Gjljvl,Xhqac,1979-08-09,Qszovsh
145,Vxjd,Hjhcvy,1984-03-11,Zibfdua
146,Zmlhqtv,Usrbu,1969-01-22,Ztuxdel
147,Mpwkl,Chjxu,1987-01-07,Zvgw
148,Hjwi,Sqzldh,1994-03-14,Cngpy
149,Bkofeq,Qvvdz,1974-09-18,Dpixm
